,master_id
0,01abd05c-b1f7-11e9-89fa-000d3a38a36f
1,02af4fd8-7362-11ea-92d0-000d3a38a36f
2,02d8ab7a-2c50-11ea-b752-000d3a38a36f
3,06090ece-afd8-11e9-9757-000d3a38a36f
4,07aaa352-a90f-11e9-a2fc-000d3a38a36f
5,08ce95e8-aac9-11e9-a2fc-000d3a38a36f
6,08db7ac2-5bd8-11ea-96de-000d3a38a36f
7,09f8ab98-ae48-11e9-a2fc-000d3a38a36f
8,0a4e6440-a9dc-11e9-a2fc-000d3a38a36f
9,0a7e2f2c-5b25-11ea-84b6-000d3a38a36f
10,0b0c120e-889a-11ea-9c02-000d3a38a36f
11,0c3f8294-52e1-11ea-9ade-000d3a38a36f
12,0d9a4224-ab65-11e9-a2fc-000d3a38a36f
13,0debe3c0-2b41-11ea-9d27-000d3a38a36f
14,0e82ff9e-51b6-11ea-a243-000d3a38a36f
15,0f37c9fc-26c6-11eb-8a9b-000d3a38a36f
16,0f890e44-7f31-11ea-80af-000d3a38a36f
17,0f93246c-ddd1-11e9-a848-000d3a38a36f
18,10f7164e-a8c3-11e9-a2fc-000d3a38a36f
19,11fb8f1e-9e25-11e9-9897-000d3a38a36f
20,122df0a8-4b53-11eb-806e-000d3a38a36f
21,122e27c0-3066-11ea-bb28-000d3a38a36f
22,12dd5428-a5b7-11e9-a2fc-000d3a38a36f
23,13966682-5649-11ea-b9b9-000d3a38a36f
24,13a14cd2-b13f-11e9-9757-000d3a38a36f
25,140fa118-b0ff-11e9-9757-000d3a38a36f
26,147d3094-191d-11ea-b6a2-000d3a38a36f
27,164f83fc-1843-11ea-9213-000d3a38a36f
28,16ef5a7e-b120-11e9-9757-000d3a38a36f
29,178a35cc-b160-11e9-89fa-000d3a38a36f
30,190af26a-d98d-11e9-93bc-000d3a38a36f
31,1a26bbcc-adb2-11e9-a2fc-000d3a38a36f
32,1ac43df4-33d8-11eb-9a15-000d3a38a36f
33,1ac6cf4c-ab35-11e9-a2fc-000d3a38a36f
34,1c948a2e-11cb-11ea-b630-000d3a38a36f
35,1e2b18e8-9dc3-11e9-9897-000d3a38a36f
36,1e72d8f8-0cb3-11eb-8ffc-000d3a38a36f
37,1edd1a8a-1a09-11ea-941b-000d3a38a36f
38,204793e2-a39d-11e9-a2fc-000d3a38a36f
39,2049c722-a567-11e9-a2fc-000d3a38a36f
40,214bb132-f12d-11e9-9346-000d3a38a36f
41,217ec300-adb3-11e9-a2fc-000d3a38a36f
42,21a46b10-26f2-11ea-aaaa-000d3a38a36f
43,23be3c34-d60a-11e9-93bc-000d3a38a36f
44,23fea878-ab80-11e9-a2fc-000d3a38a36f
45,255228f2-a5dc-11e9-a2fc-000d3a38a36f
46,2681d470-2b7e-11ea-9d27-000d3a38a36f
47,26ac1432-1dd3-11ea-8bf2-000d3a38a36f
48,27544188-ae85-11e9-a2fc-000d3a38a36f
49,275b64b2-a517-11e9-a2fc-000d3a38a36f
50,27ea3442-5b30-11ea-9450-000d3a38a36f
51,28536fc2-ff21-11e9-a5e8-000d3a38a36f
52,28f00236-7a7f-11ea-8f20-000d3a38a36f
53,2910d944-d63c-11e9-93bc-000d3a38a36f
54,2c666002-a255-11e9-a2fc-000d3a38a36f
55,2e14b63a-a889-11e9-a2fc-000d3a38a36f
56,2e2c6264-a887-11e9-a2fc-000d3a38a36f
57,2e537870-2480-11ea-a30f-000d3a38a36f
58,2e9ebbce-5bcf-11ea-8866-000d3a38a36f
59,2f904ee4-d6d2-11e9-93bc-000d3a38a36f
60,2fa1890c-9900-11ea-b97a-000d3a38a36f
61,3031b986-c034-11ea-9c44-000d3a38a36f
62,310e0d02-9f68-11e9-a2fc-000d3a38a36f
63,327724f4-ae21-11e9-a2fc-000d3a38a36f
64,328d030a-acff-11e9-a2fc-000d3a38a36f
65,32fa78da-a580-11e9-a2fc-000d3a38a36f
66,331aa144-b13f-11e9-9757-000d3a38a36f
67,3348d49c-2048-11ea-87bf-000d3a38a36f
68,33a54b76-9e04-11e9-9897-000d3a38a36f
69,342bba62-542a-11ea-b1db-000d3a38a36f
70,34ebde18-a779-11e9-a2fc-000d3a38a36f
71,35c6f618-af9b-11e9-a2fc-000d3a38a36f
72,3694a044-a24a-11e9-a2fc-000d3a38a36f
73,3736025c-171d-11ea-b4ec-000d3a38a36f
74,3782c7be-9ed6-11e9-9897-000d3a38a36f
75,379d0e1e-a6ae-11e9-a2fc-000d3a38a36f
76,394cdd9e-28a7-11eb-8a9b-000d3a38a36f
77,39edf3ac-b10a-11e9-9757-000d3a38a36f
78,3b048dea-116e-11ea-9f3a-000d3a38a36f
79,3b5d82f2-aa3d-11ea-b736-000d3a38a36f
80,3d05357a-7b47-11ea-8f20-000d3a38a36f
81,3d307a80-ab0b-11e9-a2fc-000d3a38a36f
82,3da84cd6-b178-11e9-89fa-000d3a38a36f
83,3e6aff7e-3ae4-11ea-835a-000d3a38a36f
84,3ed92220-aecf-11e9-a2fc-000d3a38a36f
85,3f118c82-a146-11e9-a2fc-000d3a38a36f
86,3fa3f692-5f52-11ea-be5b-000d3a38a36f
87,40091866-bdf2-11ea-aa61-000d3a38a36f
88,40c591bc-7e50-11ea-80af-000d3a38a36f
89,40ce17b6-d6de-11e9-93bc-000d3a38a36f
90,42813208-564c-11ea-b9b9-000d3a38a36f
91,42b70084-2b9c-11ea-853d-000d3a38a36f
92,43978078-d191-11ea-b0fc-000d3a38a36f
93,43b58b80-1cbb-11ea-a490-000d3a38a36f
94,43f81f40-a5dd-11e9-a2fc-000d3a38a36f
95,4433d210-6289-11ea-9861-000d3a38a36f
96,45b47a70-b1ab-11e9-89fa-000d3a38a36f
97,466f85d4-2b47-11ea-9d27-000d3a38a36f
98,46cf469e-5f82-11ea-be5b-000d3a38a36f
99,4753016a-389d-11eb-a48e-000d3a38a36f
100,47b18f9e-ac46-11e9-a2fc-000d3a38a36f
101,482b5a32-5424-11ea-b1db-000d3a38a36f
102,488da0da-fccb-11e9-a5e8-000d3a38a36f
103,49348b28-bba9-11ea-995f-000d3a38a36f
104,497f782c-a151-11e9-a2fc-000d3a38a36f
105,4c270cc4-9dab-11e9-9897-000d3a38a36f
106,4c5243b8-b06a-11e9-9757-000d3a38a36f
107,4f27d3cc-b110-11e9-9757-000d3a38a36f
108,4f54cc84-9f1c-11e9-9897-000d3a38a36f
109,4f605a8c-ad4d-11ea-b736-000d3a38a36f
110,4f859bd2-9db1-11e9-9897-000d3a38a36f
111,4f871f12-a51c-11e9-a2fc-000d3a38a36f
112,4fe90518-b220-11e9-b5cf-000d3a38a36f
113,5204a6ca-c568-11ea-9dde-000d3a38a36f
114,52c822ba-afc2-11e9-9757-000d3a38a36f
115,53b0691e-e431-11e9-ad00-000d3a38a36f
116,549ceff0-461a-11ea-a691-000d3a38a36f
117,553fcec2-ea08-11ea-a8d9-000d3a38a36f
118,55a1ef62-976a-11ea-a9c8-000d3a38a36f
119,561e3f5e-abb6-11e9-a2fc-000d3a38a36f
120,56200cdc-a9ed-11e9-a2fc-000d3a38a36f
121,59213844-d7aa-11e9-93bc-000d3a38a36f
122,595a4efe-a910-11e9-a2fc-000d3a38a36f
123,5a2827dc-9d72-11ea-9bf4-000d3a38a36f
124,5a4c385a-530f-11ea-acd3-000d3a38a36f
125,5af055ee-a066-11ea-9d0a-000d3a38a36f
126,5b010dc6-9de7-11e9-9897-000d3a38a36f
127,5b047a04-bc8d-11ea-aa61-000d3a38a36f
128,5c0ff6cc-127d-11ea-a001-000d3a38a36f
129,5dc34e5e-20ed-11eb-b361-000d3a38a36f
130,5df4b840-a727-11e9-a2fc-000d3a38a36f
131,5f314e9e-bc39-11ea-9a91-000d3a38a36f
132,6032f26e-2fc2-11eb-9c24-000d3a38a36f
133,60c478f4-186e-11ea-9213-000d3a38a36f
134,63cb6d58-ad4a-11e9-a2fc-000d3a38a36f
135,63d6e2d6-a346-11e9-a2fc-000d3a38a36f
136,659f6860-a524-11e9-a2fc-000d3a38a36f
137,66628af8-ad1b-11e9-a2fc-000d3a38a36f
138,671cbaee-a4fa-11eb-aa3b-000d3a299ebf
139,6797ec36-e0cf-11ea-b5cd-000d3a38a36f
140,68faf9fc-9d54-11e9-9897-000d3a38a36f
141,69faeb24-b086-11e9-9757-000d3a38a36f
142,6a50e9aa-b141-11e9-9757-000d3a38a36f
143,6c135abe-b04e-11e9-9757-000d3a38a36f
144,6d285c64-5e73-11ea-be5b-000d3a38a36f
145,6d293626-9edd-11e9-9897-000d3a38a36f
146,6edc4c6a-29c0-11ea-87cc-000d3a38a36f
147,6f497880-1f6b-11ea-87bf-000d3a38a36f
148,6f6d666e-5b07-11ea-b76a-000d3a38a36f
149,6f880804-9ee5-11e9-9897-000d3a38a36f
150,7069e908-2915-11ea-b87a-000d3a38a36f
151,70c2b010-d6f9-11e9-93bc-000d3a38a36f
152,720625b6-2018-11ea-87bf-000d3a38a36f
153,729eca82-ad31-11e9-a2fc-000d3a38a36f
154,72c5c64e-4e7d-11ea-99ba-000d3a38a36f
155,737ef46a-18eb-11ea-9213-000d3a38a36f
156,748dbf3a-f743-11ea-a533-000d3a38a36f
157,751c3c1c-a553-11e9-a2fc-000d3a38a36f
158,763f975c-a58e-11e9-a2fc-000d3a38a36f
159,77f8c672-a6d8-11e9-a2fc-000d3a38a36f
160,781e9584-9e2f-11e9-9897-000d3a38a36f
161,797d4e02-afe5-11ea-b736-000d3a38a36f
162,7b920376-a7a9-11e9-a2fc-000d3a38a36f
163,7ba60388-1eb1-11ea-aa32-000d3a38a36f
164,7bce3e28-9e6a-11ea-80cd-000d3a38a36f
165,7c1f1696-aebe-11e9-a2fc-000d3a38a36f
166,7c6761b2-aa40-11e9-a2fc-000d3a38a36f
167,7cefecc8-27b6-11ea-aaaa-000d3a38a36f
168,7d0c7fd8-ae0c-11e9-a2fc-000d3a38a36f
169,7dc17caa-6f52-11ea-b40c-000d3a38a36f
170,7df26b6a-a957-11e9-a2fc-000d3a38a36f
171,7ee9668e-9d10-11e9-9897-000d3a38a36f
172,7f2a215a-ac1b-11e9-a2fc-000d3a38a36f
173,7fdcb748-61d8-11ea-8dd8-000d3a38a36f
174,80772ae8-adce-11ea-b736-000d3a38a36f
175,81714de0-122c-11ea-a001-000d3a38a36f
176,8267786e-d6bd-11e9-93bc-000d3a38a36f
177,82f8e9de-66ff-11ea-9d38-000d3a38a36f
178,830c763a-7806-11ea-9b70-000d3a38a36f
179,8361fe48-1fcd-11ea-87bf-000d3a38a36f
180,8420372a-13e1-11ea-a001-000d3a38a36f
181,844c2612-193d-11ea-b6a2-000d3a38a36f
182,847bbbc2-2ba1-11ea-853d-000d3a38a36f
183,848ab17c-c683-11ea-9bc9-000d3a38a36f
184,848ec38c-98ae-11ea-b97a-000d3a38a36f
185,851de3b4-8f0c-11eb-8cb8-000d3a38a36f
186,85e6a5b6-a574-11e9-a2fc-000d3a38a36f
187,861f524a-bbc0-11ea-9a91-000d3a38a36f
188,861f6d5c-7264-11ea-adca-000d3a38a36f
189,86bc0a1a-afb2-11e9-9757-000d3a38a36f
190,86e88aec-5e83-11ea-be5b-000d3a38a36f
191,89cc504e-9cf0-11ea-a27a-000d3a38a36f
192,8a3f25be-b219-11e9-b5cf-000d3a38a36f
193,8b0d0c36-d6f4-11e9-93bc-000d3a38a36f
194,8befbc9a-7f35-11ea-80af-000d3a38a36f
195,8c324e38-9ef9-11e9-9897-000d3a38a36f
196,8c3cec06-a6f8-11e9-a2fc-000d3a38a36f
197,8cb2508c-a97b-11ea-b736-000d3a38a36f
198,8d203d26-5b11-11ea-aac4-000d3a38a36f
199,8ee5ed26-194f-11ea-b6a2-000d3a38a36f
200,900b81f4-5e71-11ea-be5b-000d3a38a36f
201,9096f738-9d75-11e9-9897-000d3a38a36f
202,90e0b158-2b54-11ea-9d27-000d3a38a36f
203,918a082e-a5b3-11e9-a2fc-000d3a38a36f
204,91eaf398-a5c0-11e9-a2fc-000d3a38a36f
205,9296abbc-712f-11ea-adca-000d3a38a36f
206,93ab5b1c-ab2b-11e9-a2fc-000d3a38a36f
207,93cad17a-66cb-11ea-82da-000d3a38a36f
208,9400176c-b01a-11e9-9757-000d3a38a36f
209,952ce3aa-23e1-11ea-8523-000d3a38a36f
210,95b66ac2-b016-11eb-bbf8-000d3a38a36f
211,9616b52e-b1d7-11e9-89fa-000d3a38a36f
212,979105c8-ae88-11e9-a2fc-000d3a38a36f
213,985050e6-2cb2-11eb-b280-000d3a38a36f
214,991dda02-5bed-11ea-a815-000d3a38a36f
215,9939a9e6-1f7d-11ea-87bf-000d3a38a36f
216,9a0fe294-63b2-11ea-a6dc-000d3a38a36f
217,9af30e66-5bd3-11ea-bfb1-000d3a38a36f
218,9bfd94f8-a728-11e9-a2fc-000d3a38a36f
219,9c9cb028-dd4c-11ea-9c1f-000d3a38a36f
220,9e444422-ad32-11e9-a2fc-000d3a38a36f
221,9f767036-a7b0-11e9-a2fc-000d3a38a36f
222,a00e6730-fa60-11e9-b138-000d3a38a36f
223,a00fc6dc-c9d3-11ea-a31e-000d3a38a36f
224,a0f3898c-b122-11e9-9757-000d3a38a36f
225,a1dada80-5339-11ea-acd3-000d3a38a36f
226,a306e3f6-5bde-11ea-8d07-000d3a38a36f
227,a37ae862-9902-11ea-b97a-000d3a38a36f
228,a47a85fe-aafd-11e9-a2fc-000d3a38a36f
229,a57f4302-b1a8-11e9-89fa-000d3a38a36f
230,a70d5f3a-ac92-11e9-a2fc-000d3a38a36f
231,a754da40-a83c-11e9-a2fc-000d3a38a36f
232,a7a49b0a-a383-11ea-9c18-000d3a38a36f
233,a8be615a-b154-11e9-9757-000d3a38a36f
234,a8fb3f62-7418-11ea-92d0-000d3a38a36f
235,a91e073e-2537-11ea-bf27-000d3a38a36f
236,a92ad2da-1d25-11ea-a490-000d3a38a36f
237,a9527430-2c51-11ea-b752-000d3a38a36f
238,a99533a4-1920-11ea-b6a2-000d3a38a36f
239,a9ae7084-f4af-11e9-9346-000d3a38a36f
240,a9c2cce0-1a99-11ea-98d5-000d3a38a36f
241,aa46e43c-a79c-11e9-a2fc-000d3a38a36f
242,aa7884de-a32c-11e9-a2fc-000d3a38a36f
243,ab33f8fc-1358-11eb-8ffc-000d3a38a36f
244,acecc5fa-acae-11e9-a2fc-000d3a38a36f
245,ae164ea8-a9ff-11e9-a2fc-000d3a38a36f
246,ae557c64-5b29-11ea-b304-000d3a38a36f
247,aee373c0-ab70-11e9-a2fc-000d3a38a36f
248,af4caa7e-5be8-11ea-ad60-000d3a38a36f
249,af54f4ca-ad99-11e9-a2fc-000d3a38a36f
250,af6919c0-a518-11e9-a2fc-000d3a38a36f
251,b1590256-9d19-11e9-9897-000d3a38a36f
252,b1882316-a867-11e9-a2fc-000d3a38a36f
253,b19b2036-ad96-11e9-a2fc-000d3a38a36f
254,b39f54fa-1f57-11ea-87bf-000d3a38a36f
255,b45921a0-5b39-11ea-ad7e-000d3a38a36f
256,b51579e6-a86e-11e9-a2fc-000d3a38a36f
257,b61a7430-a518-11e9-a2fc-000d3a38a36f
258,b796de3c-a808-11e9-a2fc-000d3a38a36f
259,b7fd35f8-ae7d-11e9-a2fc-000d3a38a36f
260,b81282fe-b121-11e9-9757-000d3a38a36f
261,b82419b8-94b2-11ea-85df-000d3a38a36f
262,b9296b88-acf0-11e9-a2fc-000d3a38a36f
263,b9eb3016-ff29-11e9-a5e8-000d3a38a36f
264,ba4851c6-def7-11e9-957d-000d3a38a36f
265,bb02e79e-ffe4-11e9-a5e8-000d3a38a36f
266,bb279474-160d-11ea-aa74-000d3a38a36f
267,bc2f61c0-afde-11e9-9757-000d3a38a36f
268,bd81d9b4-ac63-11e9-a2fc-000d3a38a36f
269,bef9167e-416c-11ea-96d9-000d3a38a36f
270,bfedd2f0-a58a-11e9-a2fc-000d3a38a36f
271,c3648134-a99c-11e9-a2fc-000d3a38a36f
272,c3740548-aa80-11e9-a2fc-000d3a38a36f
273,c469f9d2-a7db-11e9-a2fc-000d3a38a36f
274,c4d94a92-ab9d-11e9-a2fc-000d3a38a36f
275,c5a8fb8c-f753-11e9-841e-000d3a38a36f
276,c644de38-a106-11e9-a2fc-000d3a38a36f
277,c7d89292-d6be-11e9-93bc-000d3a38a36f
278,c88819fa-d0fb-11ea-8b59-000d3a38a36f
279,c9159bb2-2c24-11ea-91ab-000d3a38a36f
280,c922f71c-ad53-11e9-a2fc-000d3a38a36f
281,c96c0772-28b8-11eb-8a9b-000d3a38a36f
282,c9b10362-b0bf-11e9-9757-000d3a38a36f
283,ca4329b0-bba2-11ea-995f-000d3a38a36f
284,ca86fbaa-b120-11e9-9757-000d3a38a36f
285,caa72732-ad4b-11e9-a2fc-000d3a38a36f
286,cea000ca-29ce-11ea-87cc-000d3a38a36f
287,d0ce7c0e-ac7f-11e9-a2fc-000d3a38a36f
288,d1c0ba24-1ec0-11ea-aa32-000d3a38a36f
289,d3da4aca-e831-11e9-8bb8-000d3a38a36f
290,d3f13564-395d-11ea-85d6-000d3a38a36f
291,d41d102a-a46c-11e9-a2fc-000d3a38a36f
292,d516e530-287b-11ea-b87a-000d3a38a36f
293,d76c217e-a9eb-11e9-a2fc-000d3a38a36f
294,d97069ac-1ee5-11ea-81ff-000d3a38a36f
295,db16f9ae-a881-11e9-a2fc-000d3a38a36f
296,dcb61df0-a9ec-11e9-a2fc-000d3a38a36f
297,dd17f722-b109-11e9-9757-000d3a38a36f
298,ddabf9aa-74d5-11ea-92d0-000d3a38a36f
299,ded9c78e-6b80-11ea-9c62-000d3a38a36f
300,df266286-b039-11e9-9757-000d3a38a36f
301,e270fd2a-128b-11ea-a001-000d3a38a36f
302,e2b71cc4-b039-11e9-9757-000d3a38a36f
303,e4dfcea8-b05f-11e9-9757-000d3a38a36f
304,e51104a0-aa9c-11e9-a2fc-000d3a38a36f
305,e567539c-9dcb-11e9-9897-000d3a38a36f
306,e8d8e7a0-b137-11e9-9757-000d3a38a36f
307,e97ceab8-a2d1-11e9-a2fc-000d3a38a36f
308,e9976946-9e7c-11e9-9897-000d3a38a36f
309,eb77f582-ddc9-11e9-a848-000d3a38a36f
310,ebb8a328-1fe8-11ea-87bf-000d3a38a36f
311,ec6adcb0-d6ae-11e9-93bc-000d3a38a36f
312,eecf8394-9e45-11e9-9897-000d3a38a36f
313,ef80c734-1c13-11ea-ac4f-000d3a38a36f
314,f03b1df6-aab6-11e9-a2fc-000d3a38a36f
315,f10e6f04-acd5-11ea-b736-000d3a38a36f
316,f1ae5ae2-d67e-11e9-93bc-000d3a38a36f
317,f1f379b6-b0a2-11ea-b736-000d3a38a36f
318,f24f6988-acd9-11e9-a2fc-000d3a38a36f
319,f36da15a-183a-11ea-9213-000d3a38a36f
320,f59053e2-a503-11e9-a2fc-000d3a38a36f
321,f5b61994-9dd6-11e9-9897-000d3a38a36f
322,f713605c-a700-11e9-a2fc-000d3a38a36f
323,f7397aea-2076-11ea-87bf-000d3a38a36f
324,f81789aa-ad05-11e9-a2fc-000d3a38a36f
325,f88cf3ea-47f4-11ea-b6c0-000d3a38a36f
326,f8b04ba4-5bce-11ea-ba31-000d3a38a36f
327,f91f4b9e-dd5b-11ea-9c1f-000d3a38a36f
328,f98175f8-a85a-11e9-a2fc-000d3a38a36f
329,fae1945a-f679-11ea-a533-000d3a38a36f
